<databaseChangeLog xmlns="http://www.liquibase.org/xml/ns/dbchangelog"
                   xmlns:xsi="http://www.w3.org/2001/XMLSchema-instance"
                   xsi:schemaLocation="http://www.liquibase.org/xml/ns/dbchangelog http://www.liquibase.org/xml/ns/dbchangelog/dbchangelog-3.3.xsd">

    <changeSet id="ddl" author="author" context="prod">
        <sql>
            create table CLIENT (
                ID bigint not null generated always as identity primary key,
                LOGIN varchar(50) not null,
                SECRET varchar(100) not null,
                SALT varchar(12) not null,
                CREATED timestamp not null default CURRENT_TIMESTAMP,
                ENABLED boolean not null default TRUE
            );
            create unique index CLIENT_LOGIN_INDEX on CLIENT(LOGIN);

            create table ACCOUNT (
                ID bigint not null generated always as identity primary key,
                AMOUNT float not null,
                CREATE_STAMP timestamp not null default CURRENT_TIMESTAMP,
                CLIENT_ID bigint not null constraint ACCOUNT_CLIENT_FK references CLIENT
                on update restrict on delete restrict
            );
        </sql>
        <rollback>
            drop table ACCOUNT;
            drop index CLIENT_LOGIN_INDEX;
            drop table CLIENT;
        </rollback>
    </changeSet>

    <changeSet id="test-dml" author="author" context="qa">
        <sql>
            insert into CLIENT(LOGIN, SECRET, SALT)
            values('admin@acme.com', 'c99ef573720e30031034d24e82721350dfa6af9957d267c2acc0be98813bb3e4', 'somesalt');

            insert into CLIENT(LOGIN, SECRET, SALT)
            values('account@acme.com', '5aba80f0c9f7cfb0c7e8d5767aad85e8b384872e070c13a8fe6d11f58327934b', 'somesalt');

            insert into CLIENT(LOGIN, SECRET, SALT, ENABLED)
            values('disabled@acme.com', '7a2d0aa3d45a06277ee9e48623ae0dc1d9d5f83948a0b3e5cba3cae4fda533f7', 'somesalt', false);


            insert into ACCOUNT(CLIENT_ID, AMOUNT) values(1, 0);
            insert into ACCOUNT(CLIENT_ID, AMOUNT) values(1, 100);
            insert into ACCOUNT(CLIENT_ID, AMOUNT) values(2, 200);
        </sql>
        <rollback>
            delete from ACCOUNT;
            delete from CLIENT;
        </rollback>
    </changeSet>
</databaseChangeLog>