<settings xmlns="http://maven.apache.org/SETTINGS/1.0.0"
          xmlns:xsi="http://www.w3.org/2001/XMLSchema-instance"
          xsi:schemaLocation="http://maven.apache.org/SETTINGS/1.0.0
                          https://maven.apache.org/xsd/settings-1.0.0.xsd">

    <mirrors>
        <mirror>
            <id>dbo-artifacts-server</id>
            <url><!-- TODO Set Corporate Artifacts Server repository URL, e.g. https://host:port/artifactory/repo-name --></url>
            <mirrorOf>central,jcenter</mirrorOf>
        </mirror>
    </mirrors>

    <servers>
        <server>
            <id>dbo-artifacts-server</id>
            <username><!-- TODO Set Artifacts Server login --></username>
            <password><!-- TODO Set Artifacts Server password --></password>
            <!-- TODO Use https://maven.apache.org/guides/mini/guide-encryption.html for encrypt account password -->
        </server>
    </servers>
</settings>